date,code,value
20141027,000510,2757.34
20141028,000510,2813.33
20141029,000510,2850.25
20141030,000510,2867.04
20141031,000510,2895.06
20141103,000510,2907.19
20141104,000510,2901.74
20141105,000510,2889.20
20141106,000510,2896.83
20141107,000510,2881.52
20141110,000510,2940.47
20141111,000510,2908.65
20141112,000510,2948.00
20141113,000510,2927.59
20141114,000510,2929.22
20141117,000510,2925.93
20141118,000510,2906.34
20141119,000510,2907.15
20141120,000510,2902.55
20141121,000510,2943.41
20141124,000510,3000.38
20141125,000510,3045.84
20141126,000510,3073.88
20141127,000510,3095.31
20141128,000510,3140.80
20141201,000510,3144.50
20141202,000510,3232.11
20141203,000510,3278.98
20141204,000510,3399.92
20141205,000510,3388.53
20141208,000510,3497.92
20141209,000510,3353.56
20141210,000510,3489.61
20141211,000510,3478.88
20141212,000510,3490.67
20141215,000510,3525.24
20141216,000510,3584.65
20141217,000510,3619.93
20141218,000510,3631.23
20141219,000510,3667.57
20141222,000510,3648.54
20141223,000510,3566.78
20141224,000510,3505.49
20141225,000510,3606.11
20141226,000510,3693.35
20141229,000510,3694.13
20141230,000510,3679.17
20141231,000510,3746.14
20150105,000510,3857.54
20150106,000510,3884.41
20150107,000510,3881.12
20150108,000510,3809.79
20150109,000510,3796.30
20150112,000510,3762.28
20150113,000510,3780.48
20150114,000510,3760.04
20150115,000510,3851.01
20150116,000510,3896.41
20150119,000510,3628.98
20150120,000510,3706.50
20150121,000510,3850.83
20150122,000510,3877.43
20150123,000510,3866.58
20150126,000510,3913.78
20150127,000510,3892.56
20150128,000510,3843.10
20150129,000510,3800.54
20150130,000510,3745.07
20150202,000510,3674.96
20150203,000510,3763.71
20150204,000510,3730.80
20150205,000510,3695.04
20150206,000510,3630.36
20150209,000510,3646.00
20150210,000510,3712.35
20150211,000510,3749.67
20150212,000510,3765.02
20150213,000510,3800.15
20150216,000510,3849.94
20150217,000510,3875.46
20150225,000510,3837.52
20150226,000510,3911.92
20150227,000510,3930.60
20150302,000510,3972.97
20150303,000510,3891.65
20150304,000510,3926.74
20150305,000510,3892.90
20150306,000510,3862.93
20150309,000510,3934.56
20150310,000510,3935.70
20150311,000510,3936.95
20150312,000510,3990.96
20150313,000510,4028.88
20150316,000510,4136.91
20150317,000510,4190.21
20150318,000510,4284.20
20150319,000510,4287.60
20150320,000510,4333.25
20150323,000510,4429.86
20150324,000510,4448.17
20150325,000510,4431.93
20150326,000510,4426.27
20150327,000510,4451.62
20150330,000510,4556.91
20150331,000510,4528.10
20150401,000510,4617.73
20150402,000510,4643.23
20150403,000510,4694.84
20150407,000510,4795.35
20150408,000510,4796.43
20150409,000510,4749.48
20150410,000510,4854.27
20150413,000510,4951.73
20150414,000510,4968.54
20150415,000510,4878.03
20150416,000510,5017.91
20150417,000510,5107.30
20150420,000510,5044.92
20150421,000510,5162.87
20150422,000510,5288.80
20150423,000510,5304.67
20150424,000510,5289.28
20150427,000510,5403.48
20150428,000510,5309.74
20150429,000510,5368.61
20150430,000510,5359.65
20150504,000510,5405.22
20150505,000510,5193.19
20150506,000510,5144.71
20150507,000510,5029.32
20150508,000510,5162.72
20150511,000510,5335.14
20150512,000510,5419.19
20150513,000510,5399.65
20150514,000510,5375.81
20150515,000510,5302.75
20150518,000510,5304.98
20150519,000510,5458.26
20150520,000510,5512.79
20150521,000510,5640.40
20150522,000510,5750.79
20150525,000510,5910.57
20150526,000510,6053.90
20150527,000510,6046.55
20150528,000510,5658.40
20150529,000510,5687.78
20150601,000510,5966.58
20150602,000510,6105.35
20150603,000510,6099.10
20150604,000510,6117.07
20150605,000510,6176.09
20150608,000510,6248.43
20150609,000510,6220.50
20150610,000510,6247.67
20150611,000510,6270.62
20150612,000510,6321.03
20150615,000510,6189.51
20150616,000510,5977.29
20150617,000510,6082.19
20150618,000510,5839.51
20150619,000510,5482.04
20150623,000510,5624.92
20150624,000510,5733.82
20150625,000510,5520.31
20150626,000510,5084.98
20150629,000510,4876.39
20150630,000510,5182.96
20150701,000510,4930.14
20150702,000510,4724.71
20150703,000510,4465.12
20150706,000510,4527.61
20150707,000510,4413.27
20150708,000510,4158.70
20150709,000510,4397.54
20150710,000510,4617.89
20150713,000510,4768.93
20150714,000510,4716.67
20150715,000510,4542.43
20150716,000510,4591.75
20150717,000510,4787.14
20150720,000510,4823.75
20150721,000510,4840.84
20150722,000510,4851.69
20150723,000510,4963.69
20150724,000510,4884.10
20150727,000510,4484.07
20150728,000510,4431.05
20150729,000510,4592.54
20150730,000510,4462.83
20150731,000510,4442.84
20150803,000510,4409.37
20150804,000510,4578.09
20150805,000510,4497.82
20150806,000510,4464.46
20150807,000510,4568.44
20150810,000510,4778.07
20150811,000510,4769.55
20150812,000510,4706.39
20150813,000510,4785.41
20150814,000510,4786.99
20150817,000510,4811.18
20150818,000510,4501.39
20150819,000510,4580.89
20150820,000510,4441.52
20150821,000510,4234.67
20150824,000510,3877.20
20150825,000510,3603.35
20150826,000510,3550.64
20150827,000510,3734.88
20150828,000510,3907.50
20150831,000510,3888.66
20150901,000510,3822.04
20150902,000510,3808.26
20150907,000510,3718.95
20150908,000510,3827.11
20150909,000510,3910.72
20150910,000510,3863.79
20150911,000510,3866.42
20150914,000510,3757.52
20150915,000510,3601.66
20150916,000510,3789.59
20150917,000510,3716.91
20150918,000510,3744.54
20150921,000510,3826.92
20150922,000510,3852.71
20150923,000510,3780.67
20150924,000510,3811.22
20150925,000510,3736.89
20150928,000510,3767.79
20150929,000510,3696.11
20150930,000510,3719.39
20151008,000510,3834.17
20151009,000510,3884.11
20151012,000510,4010.97
20151013,000510,4021.72
20151014,000510,3976.79
20151015,000510,4075.89
20151016,000510,4128.46
20151019,000510,4120.39
20151020,000510,4176.75
20151021,000510,4030.38
20151022,000510,4107.30
20151023,000510,4169.25
20151026,000510,4188.41
20151027,000510,4204.23
20151028,000510,4121.57
20151029,000510,4137.68
20151030,000510,4132.92
20151102,000510,4062.58
20151103,000510,4049.31
20151104,000510,4235.35
20151105,000510,4294.27
20151106,000510,4386.37
20151109,000510,4447.41
20151110,000510,4439.34
20151111,000510,4450.19
20151112,000510,4412.12
20151113,000510,4343.33
20151116,000510,4382.91
20151117,000510,4361.76
20151118,000510,4310.75
20151119,000510,4389.22
20151120,000510,4406.45
20151123,000510,4379.40
20151124,000510,4384.48
20151125,000510,4429.31
20151126,000510,4401.67
20151127,000510,4163.29
20151130,000510,4170.38
20151201,000510,4191.32
20151202,000510,4287.67
20151203,000510,4336.08
20151204,000510,4266.76
20151207,000510,4292.09
20151208,000510,4210.24
20151209,000510,4213.54
20151210,000510,4205.34
20151211,000510,4183.58
20151214,000510,4275.66
20151215,000510,4274.35
20151216,000510,4270.81
20151217,000510,4356.96
20151218,000510,4369.32
20151221,000510,4467.50
20151222,000510,4486.12
20151223,000510,4455.26
20151224,000510,4431.41
20151225,000510,4444.89
20151228,000510,4332.77
20151229,000510,4367.41
20151230,000510,4385.42
20151231,000510,4337.75
20160104,000510,4027.59
20160105,000510,4019.86
20160106,000510,4096.09
20160107,000510,3807.74
20160108,000510,3869.99
20160111,000510,3665.75
20160112,000510,3686.68
20160113,000510,3601.06
20160114,000510,3689.57
20160115,000510,3570.15
20160118,000510,3599.00
20160119,000510,3707.88
20160120,000510,3653.89
20160121,000510,3539.20
20160122,000510,3580.01
20160125,000510,3599.24
20160126,000510,3375.81
20160127,000510,3361.76
20160128,000510,3261.12
20160129,000510,3366.62
20160201,000510,3318.80
20160202,000510,3398.02
20160203,000510,3388.47
20160204,000510,3436.25
20160205,000510,3416.33
20160215,000510,3405.87
20160216,000510,3516.93
20160217,000510,3548.58
20160218,000510,3534.73
20160219,000510,3537.78
20160222,000510,3608.26
20160223,000510,3575.60
20160224,000510,3597.78
20160225,000510,3369.64
20160226,000510,3392.41
20160229,000510,3283.99
20160301,000510,3341.94
20160302,000510,3476.12
20160303,000510,3486.24
20160304,000510,3491.78
20160307,000510,3520.36
20160308,000510,3532.09
20160309,000510,3485.73
20160310,000510,3423.68
20160311,000510,3425.13
20160314,000510,3491.81
20160315,000510,3492.89
20160316,000510,3498.50
20160317,000510,3555.51
20160318,000510,3621.58
20160321,000510,3698.89
20160322,000510,3680.81
20160323,000510,3695.81
20160324,000510,3640.52
20160325,000510,3660.28
20160328,000510,3632.01
20160329,000510,3582.50
20160330,000510,3682.87
20160331,000510,3686.93
20160401,000510,3687.15
20160405,000510,3746.09
20160406,000510,3746.26
20160407,000510,3690.22
20160408,000510,3662.94
20160411,000510,3717.26
20160412,000510,3703.16
20160413,000510,3750.54
20160414,000510,3770.23
20160415,000510,3765.99
20160418,000510,3714.85
20160419,000510,3725.21
20160420,000510,3634.86
20160421,000510,3610.90
20160422,000510,3628.71
20160425,000510,3613.43
20160426,000510,3637.13
20160427,000510,3622.65
20160428,000510,3614.53
20160429,000510,3611.11
20160503,000510,3687.06
20160504,000510,3682.23
20160505,000510,3689.35
20160506,000510,3582.94
20160509,000510,3495.87
20160510,000510,3498.82
20160511,000510,3507.43
20160512,000510,3512.57
20160513,000510,3496.97
20160516,000510,3527.50
20160517,000510,3521.05
20160518,000510,3480.27
20160519,000510,3480.84
20160520,000510,3504.11
20160523,000510,3522.12
20160524,000510,3492.58
20160525,000510,3485.42
20160526,000510,3493.41
20160527,000510,3491.38
20160530,000510,3491.53
20160531,000510,3607.10
20160601,000510,3604.59
20160602,000510,3615.44
20160603,000510,3642.55
20160606,000510,3634.98
20160607,000510,3632.22
20160608,000510,3617.82
20160613,000510,3497.91
20160614,000510,3505.84
20160615,000510,3567.34
20160616,000510,3545.65
20160617,000510,3567.36
20160620,000510,3568.90
20160621,000510,3550.29
20160622,000510,3586.07
20160623,000510,3570.07
20160624,000510,3527.39
20160627,000510,3586.18
20160628,000510,3607.74
20160629,000510,3623.75
20160630,000510,3628.75
20160701,000510,3627.53
20160704,000510,3684.80
20160705,000510,3688.56
20160706,000510,3701.30
20160707,000510,3694.33
20160708,000510,3676.88
20160711,000510,3690.09
20160712,000510,3761.39
20160713,000510,3777.55
20160714,000510,3774.68
20160715,000510,3770.94
20160718,000510,3758.15
20160719,000510,3749.35
20160720,000510,3738.21
20160721,000510,3754.75
20160722,000510,3725.75
20160725,000510,3732.73
20160726,000510,3778.11
20160727,000510,3699.21
20160728,000510,3707.60
20160729,000510,3685.65
20160801,000510,3646.55
20160802,000510,3665.46
20160803,000510,3672.38
20160804,000510,3684.11
20160805,000510,3680.27
20160808,000510,3719.51
20160809,000510,3748.87
20160810,000510,3734.01
20160811,000510,3708.91
20160812,000510,3764.93
20160815,000510,3861.78
20160816,000510,3854.03
20160817,000510,3858.05
20160818,000510,3846.31
20160819,000510,3850.38
20160822,000510,3816.12
20160823,000510,3821.63
20160824,000510,3816.17
20160825,000510,3788.56
20160826,000510,3794.20
20160829,000510,3796.30
20160830,000510,3800.26
20160831,000510,3809.96
20160901,000510,3785.67
20160902,000510,3791.82
20160905,000510,3802.36
20160906,000510,3837.63
20160907,000510,3838.40
20160908,000510,3841.87
20160909,000510,3816.51
20160912,000510,3743.67
20160913,000510,3745.07
20160914,000510,3720.09
20160919,000510,3751.68
20160920,000510,3744.42
20160921,000510,3752.38
20160922,000510,3779.54
20160923,000510,3766.71
20160926,000510,3699.42
20160927,000510,3721.50
20160928,000510,3712.19
20160929,000510,3724.76
20160930,000510,3736.26
20161010,000510,3796.48
20161011,000510,3814.23
20161012,000510,3808.54
20161013,000510,3809.35
20161014,000510,3809.08
20161017,000510,3776.52
20161018,000510,3824.30
20161019,000510,3817.95
20161020,000510,3820.58
20161021,000510,3824.58
20161024,000510,3864.08
20161025,000510,3868.64
20161026,000510,3851.74
20161027,000510,3839.09
20161028,000510,3823.34
20161031,000510,3816.12
20161101,000510,3844.12
20161102,000510,3811.75
20161103,000510,3840.27
20161104,000510,3826.86
20161107,000510,3828.17
20161108,000510,3847.00
20161109,000510,3826.30
20161110,000510,3868.23
20161111,000510,3888.52
20161114,000510,3903.61
20161115,000510,3910.54
20161116,000510,3911.18
20161117,000510,3915.79
20161118,000510,3898.12
20161121,000510,3918.70
20161122,000510,3947.14
20161123,000510,3947.67
20161124,000510,3953.74
20161125,000510,3985.15
20161128,000510,4005.39
20161129,000510,4031.33
20161130,000510,4006.84
20161201,000510,4028.57
20161202,000510,3984.82
20161205,000510,3935.15
20161206,000510,3928.56
20161207,000510,3950.88
20161208,000510,3943.21
20161209,000510,3959.09
20161212,000510,3848.87
20161213,000510,3848.08
20161214,000510,3819.23
20161215,000510,3789.14
20161216,000510,3800.06
20161219,000510,3783.29
20161220,000510,3762.64
20161221,000510,3796.47
20161222,000510,3794.59
20161223,000510,3764.91
20161226,000510,3779.99
20161227,000510,3773.76
20161228,000510,3757.96
20161229,000510,3753.87
20161230,000510,3764.99
20170103,000510,3799.11
20170104,000510,3833.75
20170105,000510,3835.85
20170106,000510,3815.60
20170109,000510,3837.49
20170110,000510,3829.23
20170111,000510,3803.52
20170112,000510,3780.44
20170113,000510,3771.82
20170116,000510,3750.79
20170117,000510,3767.17
20170118,000510,3776.22
20170119,000510,3763.36
20170120,000510,3796.81
20170123,000510,3811.05
20170124,000510,3808.93
20170125,000510,3822.23
20170126,000510,3839.38
20170203,000510,3816.10
20170206,000510,3831.86
20170207,000510,3823.44
20170208,000510,3840.79
20170209,000510,3857.26
20170210,000510,3872.01
20170213,000510,3895.22
20170214,000510,3895.16
20170215,000510,3874.53
20170216,000510,3896.44
20170217,000510,3870.44
20170220,000510,3924.93
20170221,000510,3941.84
20170222,000510,3952.88
20170223,000510,3940.82
20170224,000510,3943.48
20170227,000510,3914.41
20170228,000510,3922.06
20170301,000510,3930.00
20170302,000510,3904.13
20170303,000510,3902.19
20170306,000510,3926.95
20170307,000510,3935.93
20170308,000510,3928.29
20170309,000510,3903.82
20170310,000510,3904.98
20170313,000510,3938.98
20170314,000510,3936.17
20170315,000510,3944.28
20170316,000510,3964.11
20170317,000510,3927.18
20170320,000510,3937.33
20170321,000510,3958.58
20170322,000510,3944.58
20170323,000510,3955.03
20170324,000510,3984.83
20170327,000510,3969.20
20170328,000510,3959.53
20170329,000510,3954.81
20170330,000510,3912.66
20170331,000510,3936.37
20170405,000510,3994.48
20170406,000510,4009.08
20170407,000510,4015.32
20170410,000510,4000.33
20170411,000510,4017.31
20170412,000510,4000.14
20170413,000510,4011.42
20170414,000510,3976.36
20170417,000510,3964.68
20170418,000510,3946.72
20170419,000510,3923.09
20170420,000510,3940.37
20170421,000510,3937.44
20170424,000510,3883.80
20170425,000510,3900.34
20170426,000510,3907.40
20170427,000510,3915.44
20170428,000510,3911.30
20170502,000510,3903.83
20170503,000510,3890.52
20170504,000510,3880.94
20170505,000510,3852.28
20170508,000510,3816.96
20170509,000510,3816.22
20170510,000510,3785.98
20170511,000510,3804.34
20170512,000510,3828.32
20170515,000510,3843.87
20170516,000510,3888.34
20170517,000510,3871.15
20170518,000510,3854.44
20170519,000510,3860.45
20170522,000510,3862.45
20170523,000510,3858.01
20170524,000510,3862.66
20170525,000510,3916.61
20170526,000510,3911.52
20170531,000510,3917.48
20170601,000510,3906.09
20170602,000510,3904.14
20170605,000510,3896.34
20170606,000510,3921.10
20170607,000510,3973.89
20170608,000510,4002.32
20170609,000510,4021.41
20170612,000510,4015.73
20170613,000510,4033.68
20170614,000510,3988.85
20170615,000510,3988.14
20170616,000510,3978.21
20170619,000510,4012.80
20170620,000510,4008.33
20170621,000510,4049.46
20170622,000510,4038.12
20170623,000510,4072.39
20170626,000510,4124.93
20170627,000510,4132.54
20170628,000510,4101.86
20170629,000510,4129.74
20170630,000510,4132.45
20170703,000510,4123.31
20170704,000510,4093.77
20170705,000510,4135.54
20170706,000510,4138.08
20170707,000510,4129.68
20170710,000510,4119.86
20170711,000510,4124.68
20170712,000510,4114.71
20170713,000510,4135.24
20170714,000510,4142.53
20170717,000510,4073.06
20170718,000510,4086.09
20170719,000510,4143.56
20170720,000510,4164.13
20170721,000510,4153.50
20170724,000510,4173.72
20170725,000510,4154.54
20170726,000510,4138.22
20170727,000510,4153.05
20170728,000510,4168.01
20170731,000510,4190.46
20170801,000510,4217.40
20170802,000510,4203.06
20170803,000510,4177.96
20170804,000510,4154.90
20170807,000510,4188.43
20170808,000510,4195.94
20170809,000510,4202.90
20170810,000510,4180.11
20170811,000510,4107.37
20170814,000510,4167.96
20170815,000510,4182.16
20170816,000510,4181.33
20170817,000510,4204.90
20170818,000510,4207.18
20170821,000510,4229.60
20170822,000510,4236.88
20170823,000510,4230.55
20170824,000510,4208.74
20170825,000510,4267.27
20170828,000510,4307.90
20170829,000510,4300.68
20170830,000510,4306.55
20170831,000510,4296.60
20170901,000510,4313.06
20170904,000510,4336.66
20170905,000510,4350.01
20170906,000510,4350.71
20170907,000510,4325.34
20170908,000510,4324.99
20170911,000510,4334.81
20170912,000510,4343.29
20170913,000510,4354.73
20170914,000510,4337.69
20170915,000510,4329.25
20170918,000510,4344.69
20170919,000510,4330.19
20170920,000510,4348.47
20170921,000510,4336.39
20170922,000510,4332.24
20170925,000510,4312.78
20170926,000510,4319.09
20170927,000510,4329.82
20170928,000510,4334.51
20170929,000510,4350.76
20171009,000510,4405.79
20171010,000510,4421.68
20171011,000510,4429.21
20171012,000510,4441.32
20171013,000510,4457.56
20171016,000510,4439.77
20171017,000510,4438.16
20171018,000510,4461.47
20171019,000510,4449.97
20171020,000510,4453.31
20171023,000510,4464.35
20171024,000510,4485.75
20171025,000510,4509.44
20171026,000510,4529.94
20171027,000510,4553.06
20171030,000510,4529.46
20171031,000510,4536.82
20171101,000510,4529.86
20171102,000510,4518.56
20171103,000510,4508.86
20171106,000510,4552.27
20171107,000510,4587.27
20171108,000510,4578.10
20171109,000510,4615.00
20171110,000510,4657.50
20171113,000510,4680.30
20171114,000510,4644.70
20171115,000510,4606.86
20171116,000510,4645.92
20171117,000510,4629.08
20171120,000510,4665.22
20171121,000510,4728.25
20171122,000510,4739.36
20171123,000510,4597.02
20171124,000510,4595.22
20171127,000510,4529.59
20171128,000510,4552.58
20171129,000510,4545.84
20171130,000510,4494.68
20171201,000510,4497.14
20171204,000510,4516.17
20171205,000510,4513.39
20171206,000510,4497.09
20171207,000510,4451.51
20171208,000510,4494.09
20171211,000510,4571.96
20171212,000510,4514.88
20171213,000510,4557.59
20171214,000510,4540.25
20171215,000510,4489.62
20171218,000510,4489.72
20171219,000510,4544.14
20171220,000510,4533.82
20171221,000510,4573.49
20171222,000510,4564.00
20171225,000510,4542.62
20171226,000510,4556.06
20171227,000510,4490.76
20171228,000510,4521.63
20171229,000510,4534.62
20180102,000510,4595.15
20180103,000510,4623.97
20180104,000510,4646.29
20180105,000510,4650.98
20180108,000510,4667.86
20180109,000510,4698.21
20180110,000510,4712.02
20180111,000510,4714.65
20180112,000510,4728.15
20180115,000510,4704.70
20180116,000510,4724.67
20180117,000510,4701.34
20180118,000510,4725.91
20180119,000510,4727.36
20180122,000510,4796.04
20180123,000510,4831.73
20180124,000510,4842.78
20180125,000510,4826.11
20180126,000510,4837.84
20180129,000510,4751.28
20180130,000510,4710.30
20180131,000510,4709.00
20180201,000510,4652.98
20180202,000510,4682.00
20180205,000510,4672.34
20180206,000510,4521.28
20180207,000510,4440.18
20180208,000510,4417.96
20180209,000510,4243.35
20180212,000510,4314.27
20180213,000510,4357.35
20180214,000510,4391.89
20180222,000510,4489.21
20180223,000510,4505.55
20180226,000510,4572.24
20180227,000510,4522.27
20180228,000510,4489.77
20180301,000510,4528.58
20180302,000510,4491.89
20180305,000510,4496.26
20180306,000510,4542.12
20180307,000510,4507.96
20180308,000510,4555.01
20180309,000510,4601.56
20180312,000510,4638.01
20180313,000510,4600.36
20180314,000510,4573.50
20180315,000510,4598.51
20180316,000510,4553.90
20180319,000510,4580.53
20180320,000510,4589.44
20180321,000510,4559.94
20180322,000510,4519.65
20180323,000510,4373.26
20180326,000510,4370.93
20180327,000510,4425.25
20180328,000510,4348.32
20180329,000510,4394.98
20180330,000510,4419.61
20180402,000510,4407.55
20180403,000510,4374.71
20180404,000510,4359.23
20180409,000510,4362.10
20180410,000510,4428.78
20180411,000510,4441.22
20180412,000510,4398.91
20180413,000510,4373.77
20180416,000510,4326.59
20180417,000510,4247.03
20180418,000510,4277.33
20180419,000510,4326.25
20180420,000510,4265.59
20180423,000510,4257.28
20180424,000510,4347.04
20180425,000510,4337.14
20180426,000510,4251.63
20180427,000510,4251.86
20180502,000510,4256.79
20180503,000510,4288.86
20180504,000510,4271.51
20180507,000510,4343.66
20180508,000510,4386.90
20180509,000510,4382.32
20180510,000510,4403.36
20180511,000510,4378.16
20180514,000510,4411.61
20180515,000510,4437.56
20180516,000510,4407.71
20180517,000510,4375.56
20180518,000510,4413.02
20180521,000510,4444.16
20180522,000510,4438.04
20180523,000510,4379.22
20180524,000510,4351.08
20180525,000510,4328.47
20180528,000510,4342.10
20180529,000510,4311.62
20180530,000510,4221.14
20180531,000510,4306.37
20180601,000510,4261.63
20180604,000510,4295.53
20180605,000510,4350.32
20180606,000510,4344.91
20180607,000510,4327.98
20180608,000510,4275.72
20180611,000510,4268.49
20180612,000510,4321.65
20180613,000510,4275.79
20180614,000510,4254.72
20180615,000510,4216.15
20180619,000510,4049.23
20180620,000510,4068.74
20180621,000510,4011.63
20180622,000510,4034.53
20180625,000510,3985.48
20180626,000510,3969.48
20180627,000510,3895.95
20180628,000510,3851.18
20180629,000510,3960.31
20180702,000510,3856.47
20180703,000510,3864.90
20180704,000510,3809.17
20180705,000510,3773.21
20180706,000510,3800.93
20180709,000510,3905.25
20180710,000510,3915.32
20180711,000510,3847.46
20180712,000510,3937.65
20180713,000510,3952.90
20180716,000510,3934.94
20180717,000510,3916.23
20180718,000510,3893.19
20180719,000510,3884.77
20180720,000510,3949.51
20180723,000510,3984.67
20180724,000510,4046.60
20180725,000510,4045.91
20180726,000510,3997.99
20180727,000510,3979.94
20180730,000510,3963.71
20180731,000510,3963.45
20180801,000510,3891.93
20180802,000510,3806.53
20180803,000510,3740.47
20180806,000510,3688.14
20180807,000510,3794.67
20180808,000510,3732.58
20180809,000510,3829.10
20180810,000510,3839.66
20180813,000510,3834.99
20180814,000510,3814.75
20180815,000510,3722.25
20180816,000510,3694.47
20180817,000510,3637.12
20180820,000510,3672.30
20180821,000510,3737.57
20180822,000510,3712.28
20180823,000510,3728.50
20180824,000510,3728.55
20180827,000510,3823.20
20180828,000510,3818.33
20180829,000510,3798.52
20180830,000510,3755.79
20180831,000510,3724.89
20180903,000510,3718.83
20180904,000510,3767.23
20180905,000510,3694.84
20180906,000510,3658.92
20180907,000510,3671.01
20180910,000510,3613.80
20180911,000510,3609.29
20180912,000510,3583.58
20180913,000510,3618.49
20180914,000510,3615.47
20180917,000510,3571.19
20180918,000510,3644.51
20180919,000510,3690.02
20180920,000510,3686.35
20180921,000510,3788.59
20180925,000510,3764.74
20180926,000510,3803.66
20180927,000510,3782.46
20180928,000510,3819.44
20181008,000510,3658.52
20181009,000510,3655.71
20181010,000510,3647.04
20181011,000510,3461.25
20181012,000510,3504.69
20181015,000510,3455.54
20181016,000510,3416.96
20181017,000510,3439.76
20181018,000510,3353.49
20181019,000510,3451.66
20181022,000510,3596.86
20181023,000510,3501.15
20181024,000510,3496.41
20181025,000510,3486.12
20181026,000510,3469.14
20181029,000510,3368.19
20181030,000510,3392.10
20181031,000510,3447.68
20181101,000510,3474.62
20181102,000510,3605.88
20181105,000510,3581.84
20181106,000510,3560.99
20181107,000510,3540.88
20181108,000510,3528.88
20181109,000510,3482.55
20181112,000510,3535.43
20181113,000510,3575.31
20181114,000510,3543.39
20181115,000510,3583.72
20181116,000510,3596.75
20181119,000510,3622.88
20181120,000510,3540.89
20181121,000510,3550.62
20181122,000510,3540.52
20181123,000510,3454.24
20181126,000510,3453.30
20181127,000510,3453.65
20181128,000510,3496.06
20181129,000510,3448.54
20181130,000510,3484.06
20181203,000510,3587.60
20181204,000510,3598.84
20181205,000510,3581.48
20181206,000510,3503.33
20181207,000510,3502.27
20181210,000510,3464.65
20181211,000510,3480.83
20181212,000510,3490.33
20181213,000510,3542.15
20181214,000510,3477.65
20181217,000510,3470.80
20181218,000510,3441.64
20181219,000510,3397.07
20181220,000510,3375.30
20181221,000510,3340.70
20181224,000510,3357.02
20181225,000510,3333.18
20181226,000510,3316.33
20181227,000510,3296.11
20181228,000510,3310.24
20190102,000510,3267.28
20190103,000510,3255.28
20190104,000510,3324.34
20190107,000510,3355.19
20190108,000510,3347.41
20190109,000510,3378.78
20190110,000510,3377.43
20190111,000510,3402.61
20190114,000510,3371.66
20190115,000510,3435.98
20190116,000510,3435.91
20190117,000510,3414.47
20190118,000510,3474.29
20190121,000510,3498.12
20190122,000510,3447.57
20190123,000510,3447.59
20190124,000510,3468.48
20190125,000510,3490.33
20190128,000510,3488.27
20190129,000510,3490.84
20190130,000510,3458.77
20190131,000510,3484.53
20190201,000510,3544.12
20190211,000510,3618.57
20190212,000510,3646.12
20190213,000510,3715.81
20190214,000510,3722.99
20190215,000510,3663.51
20190218,000510,3781.06
20190219,000510,3776.16
20190220,000510,3786.16
20190221,000510,3774.87
20190222,000510,3849.76
20190225,000510,4067.33
20190226,000510,4030.27
20190227,000510,4016.12
20190228,000510,4020.42
20190301,000510,4099.00
20190304,000510,4153.94
20190305,000510,4199.28
20190306,000510,4233.98
20190307,000510,4194.64
20190308,000510,4049.87
20190311,000510,4149.38
20190312,000510,4191.22
20190313,000510,4133.83
20190314,000510,4096.25
20190315,000510,4144.27
20190318,000510,4259.36
20190319,000510,4249.41
20190320,000510,4241.17
20190321,000510,4250.90
20190322,000510,4255.27
20190325,000510,4168.52
20190326,000510,4108.10
20190327,000510,4152.04
20190328,000510,4131.18
20190329,000510,4279.36
20190401,000510,4405.31
20190402,000510,4407.49
20190403,000510,4455.16
20190404,000510,4498.04
20190408,000510,4490.00
20190409,000510,4503.29
20190410,000510,4517.48
20190411,000510,4418.10
20190412,000510,4407.88
20190415,000510,4390.18
20190416,000510,4506.64
20190417,000510,4519.05
20190418,000510,4498.89
20190419,000510,4551.49
20190422,000510,4460.83
20190423,000510,4437.01
20190424,000510,4460.98
20190425,000510,4346.91
20190426,000510,4289.47
20190429,000510,4285.82
20190430,000510,4299.75
20190506,000510,4034.59
20190507,000510,4071.02
20190508,000510,4015.66
20190509,000510,3948.02
20190510,000510,4096.13
20190513,000510,4030.30
20190514,000510,4002.54
20190515,000510,4096.28
20190516,000510,4114.51
20190517,000510,4006.51
20190520,000510,3975.28
20190521,000510,4031.69
20190522,000510,4012.76
20190523,000510,3932.05
20190524,000510,3932.98
20190527,000510,3991.42
20190528,000510,4025.70
20190529,000510,4021.64
20190530,000510,3996.93
20190531,000510,3982.53
20190603,000510,3978.16
20190604,000510,3937.43
20190605,000510,3931.87
20190606,000510,3886.06
20190610,000510,3940.44
20190611,000510,4064.28
20190612,000510,4034.28
20190613,000510,4032.24
20190614,000510,3991.90
20190617,000510,3989.13
20190618,000510,4004.23
20190619,000510,4058.68
20190620,000510,4171.96
20190621,000510,4189.05
20190624,000510,4197.14
20190625,000510,4151.02
20190626,000510,4149.94
20190627,000510,4194.99
20190628,000510,4177.17
20190701,000510,4304.32
20190702,000510,4305.17
20190703,000510,4254.60
20190704,000510,4232.71
20190705,000510,4256.97
20190708,000510,4147.92
20190709,000510,4138.72
20190710,000510,4130.45
20190711,000510,4131.45
20190712,000510,4155.50
20190715,000510,4178.49
20190716,000510,4159.62
20190717,000510,4155.47
20190718,000510,4108.18
20190719,000510,4143.87
20190722,000510,4109.87
20190723,000510,4126.07
20190724,000510,4163.26
20190725,000510,4195.38
20190726,000510,4205.26
20190729,000510,4202.52
20190730,000510,4218.81
20190731,000510,4184.72
20190801,000510,4154.93
20190802,000510,4096.20
20190805,000510,4022.51
20190806,000510,3968.76
20190807,000510,3951.87
20190808,000510,4003.24
20190809,000510,3964.72
20190812,000510,4036.19
20190813,000510,4002.58
20190814,000510,4026.50
20190815,000510,4043.21
20190816,000510,4062.02
20190819,000510,4154.22
20190820,000510,4152.43
20190821,000510,4149.38
20190822,000510,4163.49
20190823,000510,4190.78
20190826,000510,4132.89
20190827,000510,4189.86
20190828,000510,4174.98
20190829,000510,4168.30
20190830,000510,4174.19
20190902,000510,4238.81
20190903,000510,4248.03
20190904,000510,4280.14
20190905,000510,4318.54
20190906,000510,4345.31
20190909,000510,4386.39
20190910,000510,4367.54
20190911,000510,4329.69
20190912,000510,4372.00
20190916,000510,4364.12
20190917,000510,4286.15
20190918,000510,4302.39
20190919,000510,4324.17
20190920,000510,4338.75
20190923,000510,4293.42
20190924,000510,4311.23
20190925,000510,4270.12
20190926,000510,4221.48
20190927,000510,4238.26
20190930,000510,4194.30
20191008,000510,4211.32
20191009,000510,4215.40
20191010,000510,4258.35
20191011,000510,4290.54
20191014,000510,4338.28
20191015,000510,4310.48
20191016,000510,4294.31
20191017,000510,4300.51
20191018,000510,4242.41
20191021,000510,4245.42
20191022,000510,4267.64
20191023,000510,4238.53
20191024,000510,4232.79
20191025,000510,4259.79
20191028,000510,4308.24
20191029,000510,4286.05
20191030,000510,4261.90
20191031,000510,4254.44
20191101,000510,4323.53
20191104,000510,4355.98
20191105,000510,4380.42
20191106,000510,4360.04
20191107,000510,4370.70
20191108,000510,4355.00
20191111,000510,4273.38
20191112,000510,4271.49
20191113,000510,4275.13
20191114,000510,4286.83
20191115,000510,4255.58
20191118,000510,4288.43
20191119,000510,4341.52
20191120,000510,4303.92
20191121,000510,4283.91
20191122,000510,4235.19
20191125,000510,4258.63
20191126,000510,4269.14
20191127,000510,4259.80
20191128,000510,4245.42
20191129,000510,4210.60
20191202,000510,4213.74
20191203,000510,4230.78
20191204,000510,4233.04
20191205,000510,4270.32
20191206,000510,4297.81
20191209,000510,4290.48
20191210,000510,4304.71
20191211,000510,4300.37
20191212,000510,4289.57
20191213,000510,4366.57
20191216,000510,4399.73
20191217,000510,4453.17
20191218,000510,4442.10
20191219,000510,4439.91
20191220,000510,4414.53
20191223,000510,4359.06
20191224,000510,4400.62
20191225,000510,4406.82
20191226,000510,4438.23
20191227,000510,4428.96
20191230,000510,4485.41
20191231,000510,4501.89
20200102,000510,4571.48
20200103,000510,4568.62
20200106,000510,4564.16
20200107,000510,4604.04
20200108,000510,4554.89
20200109,000510,4616.93
20200110,000510,4614.16
20200113,000510,4664.77
20200114,000510,4650.24
20200115,000510,4631.12
20200116,000510,4617.91
20200117,000510,4621.53
20200120,000510,4668.43
20200121,000510,4594.17
20200122,000510,4623.69
20200123,000510,4478.96
20200203,000510,4132.44
20200204,000510,4251.51
20200205,000510,4316.92
20200206,000510,4414.65
20200207,000510,4423.36
20200210,000510,4445.85
20200211,000510,4470.36
20200212,000510,4523.97
20200213,000510,4492.56
20200214,000510,4508.89
20200217,000510,4617.70
20200218,000510,4619.01
20200219,000510,4599.99
20200220,000510,4697.73
20200221,000510,4721.95
20200224,000510,4723.18
20200225,000510,4722.04
20200226,000510,4636.17
20200227,000510,4651.52
20200228,000510,4464.31
20200302,000510,4610.67
20200303,000510,4644.19
20200304,000510,4655.95
20200305,000510,4747.11
20200306,000510,4685.28
20200309,000510,4505.87
20200310,000510,4615.49
20200311,000510,4552.76
20200312,000510,4464.02
20200313,000510,4408.27
20200316,000510,4212.21
20200317,000510,4201.40
20200318,000510,4124.13
20200319,000510,4084.85
20200320,000510,4153.49
20200323,000510,4002.32
20200324,000510,4104.12
20200325,000510,4214.95
20200326,000510,4183.42
20200327,000510,4186.07
20200330,000510,4129.11
20200331,000510,4142.13
20200401,000510,4131.48
20200402,000510,4213.28
20200403,000510,4185.84
20200407,000510,4292.30
20200408,000510,4279.02
20200409,000510,4299.62
20200410,000510,4255.32
20200413,000510,4230.63
20200414,000510,4318.70
20200415,000510,4290.35
20200416,000510,4307.37
20200417,000510,4348.10
20200420,000510,4374.67
20200421,000510,4326.24
20200422,000510,4361.69
20200423,000510,4346.14
20200424,000510,4301.29
20200427,000510,4322.08
20200428,000510,4340.13
20200429,000510,4354.04
20200430,000510,4420.99
20200506,000510,4467.84
20200507,000510,4455.39
20200508,000510,4499.55
20200511,000510,4496.08
20200512,000510,4505.20
20200513,000510,4517.11
20200514,000510,4471.89
20200515,000510,4464.98
20200518,000510,4464.68
20200519,000510,4514.59
20200520,000510,4487.41
20200521,000510,4455.34
20200522,000510,4352.63
20200525,000510,4353.58
20200526,000510,4417.79
20200527,000510,4380.41
20200528,000510,4383.29
20200529,000510,4403.38
20200601,000510,4527.80
20200602,000510,4536.74
20200603,000510,4538.90
20200604,000510,4540.25
20200605,000510,4563.91
20200608,000510,4579.00
20200609,000510,4609.26
20200610,000510,4608.80
20200611,000510,4570.37
20200612,000510,4578.72
20200615,000510,4528.09
20200616,000510,4607.55
20200617,000510,4615.95
20200618,000510,4637.77
20200619,000510,4695.52
20200622,000510,4695.88
20200623,000510,4722.54
20200624,000510,4738.67
20200629,000510,4708.42
20200630,000510,4770.21
20200701,000510,4835.92
20200702,000510,4911.84
20200703,000510,4987.84
20200706,000510,5232.28
20200707,000510,5298.14
20200708,000510,5383.17
20200709,000510,5479.56
20200710,000510,5406.72
20200713,000510,5548.96
20200714,000510,5488.31
20200715,000510,5406.62
20200716,000510,5137.61
20200717,000510,5180.16
20200720,000510,5333.05
20200721,000510,5356.68
20200722,000510,5389.18
20200723,000510,5394.06
20200724,000510,5143.91
20200727,000510,5170.21
20200728,000510,5214.28
20200729,000510,5347.07
20200730,000510,5321.45
20200731,000510,5372.54
20200803,000510,5473.66
20200804,000510,5460.43
20200805,000510,5478.60
20200806,000510,5456.16
20200807,000510,5398.30
20200810,000510,5408.44
20200811,000510,5347.46
20200812,000510,5299.25
20200813,000510,5286.89
20200814,000510,5357.81
20200817,000510,5465.05
20200818,000510,5470.71
20200819,000510,5373.74
20200820,000510,5312.22
20200821,000510,5355.43
20200824,000510,5408.40
20200825,000510,5408.28
20200826,000510,5337.07
20200827,000510,5375.69
20200828,000510,5488.53
20200831,000510,5461.87
20200901,000510,5497.32
20200902,000510,5505.74
20200903,000510,5469.79
20200904,000510,5421.34
20200907,000510,5307.01
20200908,000510,5336.60
20200909,000510,5199.37
20200910,000510,5173.56
20200911,000510,5237.35
20200914,000510,5277.35
20200915,000510,5323.00
20200916,000510,5282.26
20200917,000510,5267.81
20200918,000510,5367.50
20200921,000510,5321.31
20200922,000510,5253.90
20200923,000510,5281.51
20200924,000510,5168.30
20200925,000510,5168.06
20200928,000510,5167.09
20200929,000510,5194.42
20200930,000510,5195.33
20201009,000510,5324.93
20201012,000510,5486.06
20201013,000510,5504.18
20201014,000510,5471.94
20201015,000510,5453.18
20201016,000510,5435.46
20201019,000510,5394.39
20201020,000510,5449.03
20201021,000510,5424.73
20201022,000510,5401.81
20201023,000510,5326.09
20201026,000510,5321.13
20201027,000510,5330.24
20201028,000510,5374.10
20201029,000510,5409.42
20201030,000510,5326.33
20201102,000510,5367.02
20201103,000510,5433.06
20201104,000510,5471.58
20201105,000510,5557.56
20201106,000510,5546.89
20201109,000510,5659.17
20201110,000510,5620.69
20201111,000510,5548.95
20201112,000510,5562.48
20201113,000510,5522.10
20201116,000510,5572.11
20201117,000510,5541.17
20201118,000510,5532.72
20201119,000510,5566.21
20201120,000510,5598.92
20201123,000510,5661.67
20201124,000510,5636.44
20201125,000510,5554.24
20201126,000510,5554.53
20201127,000510,5603.62
20201130,000510,5582.73
20201201,000510,5696.53
20201202,000510,5694.80
20201203,000510,5683.71
20201204,000510,5709.03
20201207,000510,5673.18
20201208,000510,5665.39
20201209,000510,5586.11
20201210,000510,5588.71
20201211,000510,5524.98
20201214,000510,5578.26
20201215,000510,5602.61
20201216,000510,5610.84
20201217,000510,5676.68
20201218,000510,5662.23
20201221,000510,5741.24
20201222,000510,5643.71
20201223,000510,5696.60
20201224,000510,5675.97
20201225,000510,5728.04
20201228,000510,5739.37
20201229,000510,5710.80
20201230,000510,5804.12
20201231,000510,5910.32
20210104,000510,6008.25
20210105,000510,6104.18
20210106,000510,6152.60
20210107,000510,6250.90
20210108,000510,6244.36
20210111,000510,6183.55
20210112,000510,6342.78
20210113,000510,6316.86
20210114,000510,6200.97
20210115,000510,6193.47
20210118,000510,6271.03
20210119,000510,6172.69
20210120,000510,6236.96
20210121,000510,6338.65
20210122,000510,6367.40
20210125,000510,6417.91
20210126,000510,6279.30
20210127,000510,6300.50
20210128,000510,6118.35
20210129,000510,6078.87
20210201,000510,6155.65
20210202,000510,6250.85
20210203,000510,6228.09
20210204,000510,6213.22
20210205,000510,6192.76
20210208,000510,6305.53
20210209,000510,6444.83
20210210,000510,6577.13
20210218,000510,6545.17
20210219,000510,6558.11
20210222,000510,6373.41
20210223,000510,6350.44
20210224,000510,6188.31
20210225,000510,6208.01
20210226,000510,6059.90
20210301,000510,6175.40
20210302,000510,6100.19
20210303,000510,6208.99
20210304,000510,6015.65
20210305,000510,5988.56
20210308,000510,5780.11
20210309,000510,5655.17
20210310,000510,5688.28
20210311,000510,5833.90
20210312,000510,5852.40
20210315,000510,5728.33
20210316,000510,5775.38
20210317,000510,5803.25
20210318,000510,5852.63
20210319,000510,5699.52
20210322,000510,5754.95
20210323,000510,5686.20
20210324,000510,5586.29
20210325,000510,5592.30
20210326,000510,5725.55
20210329,000510,5734.19
20210330,000510,5791.66
20210331,000510,5747.41
20210401,000510,5823.45
20210402,000510,5874.10
20210406,000510,5852.78
20210407,000510,5819.23
20210408,000510,5828.24
20210409,000510,5747.94
20210412,000510,5644.62
20210413,000510,5637.59
20210414,000510,5701.81
20210415,000510,5666.88
20210416,000510,5689.23
20210419,000510,5832.82
20210420,000510,5825.43
20210421,000510,5832.46
20210422,000510,5830.75
20210423,000510,5889.83
20210426,000510,5830.56
20210427,000510,5842.14
20210428,000510,5879.91
20210429,000510,5922.54
20210430,000510,5897.59
20210506,000510,5833.79
20210507,000510,5755.95
20210510,000510,5764.59
20210511,000510,5779.37
20210512,000510,5807.62
20210513,000510,5736.59
20210514,000510,5853.31
20210517,000510,5947.21
20210518,000510,5950.54
20210519,000510,5941.54
20210520,000510,5941.72
20210521,000510,5895.27
20210524,000510,5919.95
20210525,000510,6087.65
20210526,000510,6088.82
20210527,000510,6120.46
20210528,000510,6109.53
20210531,000510,6139.47
20210601,000510,6154.66
20210602,000510,6094.16
20210603,000510,6053.73
20210604,000510,6089.26
20210607,000510,6081.27
20210608,000510,6041.09
20210609,000510,6056.56
20210610,000510,6119.88
20210611,000510,6083.10
20210615,000510,6013.55
20210616,000510,5889.21
20210617,000510,5929.28
20210618,000510,5945.65
20210621,000510,5949.45
20210622,000510,5982.76
20210623,000510,6029.77
20210624,000510,6024.87
20210625,000510,6114.66
20210628,000510,6144.37
20210629,000510,6084.50
20210630,000510,6135.48
20210701,000510,6125.53
20210702,000510,5961.76
20210705,000510,5977.81
20210706,000510,5968.60
20210707,000510,6053.03
20210708,000510,6013.08
20210709,000510,6005.15
20210712,000510,6108.00
20210713,000510,6113.50
20210714,000510,6039.68
20210715,000510,6113.21
20210716,000510,6037.06
20210719,000510,6054.57
20210720,000510,6055.58
20210721,000510,6120.05
20210722,000510,6136.11
20210723,000510,6059.25
20210726,000510,5887.64
20210727,000510,5680.90
20210728,000510,5690.38
20210729,000510,5832.18
20210730,000510,5800.26
20210802,000510,5927.99
20210803,000510,5910.10
20210804,000510,5991.38
20210805,000510,5955.47
20210806,000510,5928.87
20210809,000510,5968.36
20210810,000510,6020.19
20210811,000510,5998.51
20210812,000510,5958.76
20210813,000510,5926.74
20210816,000510,5899.81
20210817,000510,5766.36
20210818,000510,5814.07
20210819,000510,5799.53
20210820,000510,5695.00
20210823,000510,5796.37
20210824,000510,5856.87
20210825,000510,5886.59
20210826,000510,5782.72
20210827,000510,5818.03
20210830,000510,5820.95
20210831,000510,5802.57
20210901,000510,5832.35
20210902,000510,5838.75
20210903,000510,5802.26
20210906,000510,5915.32
20210907,000510,5984.95
20210908,000510,5964.34
20210909,000510,5973.65
20210910,000510,6012.27
20210913,000510,5993.70
20210914,000510,5931.63
20210915,000510,5883.49
20210916,000510,5792.72
20210917,000510,5827.77
20210922,000510,5806.30
20210923,000510,5839.59
20210924,000510,5822.87
20210927,000510,5828.92
20210928,000510,5826.69
20210929,000510,5746.27
20210930,000510,5812.60
20211008,000510,5869.22
20211011,000510,5866.91
20211012,000510,5788.12
20211013,000510,5860.55
20211014,000510,5846.66
20211015,000510,5886.57
20211018,000510,5846.77
20211019,000510,5892.99
20211020,000510,5883.56
20211021,000510,5898.22
20211022,000510,5920.21
20211025,000510,5952.66
20211026,000510,5932.27
20211027,000510,5870.53
20211028,000510,5819.06
20211029,000510,5894.05
20211101,000510,5877.44
20211102,000510,5824.05
20211103,000510,5800.75
20211104,000510,5861.45
20211105,000510,5823.74
20211108,000510,5839.17
20211109,000510,5852.70
20211110,000510,5813.94
20211111,000510,5896.63
20211112,000510,5888.68
20211115,000510,5866.55
20211116,000510,5855.15
20211117,000510,5877.41
20211118,000510,5825.67
20211119,000510,5890.79
20211122,000510,5946.76
20211123,000510,5939.50
20211124,000510,5937.12
20211125,000510,5917.67
20211126,000510,5881.70
20211129,000510,5887.94
20211130,000510,5873.97
20211201,000510,5878.75
20211202,000510,5882.73
20211203,000510,5934.43
20211206,000510,5901.36
20211207,000510,5908.07
20211208,000510,6000.39
20211209,000510,6076.18
20211210,000510,6059.84
20211213,000510,6100.57
20211214,000510,6061.81
20211215,000510,6015.09
20211216,000510,6056.57
20211217,000510,5963.42
20211220,000510,5866.87
20211221,000510,5913.35
20211222,000510,5927.96
20211223,000510,5964.54
20211224,000510,5921.26
20211227,000510,5911.33
20211228,000510,5950.72
20211229,000510,5873.80
20211230,000510,5921.15
20211231,000510,5946.59
20220104,000510,5918.18
20220105,000510,5843.02
20220106,000510,5793.98
20220107,000510,5789.44
20220110,000510,5815.68
20220111,000510,5756.27
20220112,000510,5819.56
20220113,000510,5721.89
20220114,000510,5688.78
20220117,000510,5748.23
20220118,000510,5795.10
20220119,000510,5750.42
20220120,000510,5775.12
20220121,000510,5717.54
20220124,000510,5727.52
20220125,000510,5584.99
20220126,000510,5620.96
20220127,000510,5497.25
20220128,000510,5435.23
20220207,000510,5523.91
20220208,000510,5504.02
20220209,000510,5565.43
20220210,000510,5552.24
20220211,000510,5495.93
20220214,000510,5443.93
20220215,000510,5506.28
20220216,000510,5527.48
20220217,000510,5541.82
20220218,000510,5573.07
20220221,000510,5559.14
20220222,000510,5490.21
20220223,000510,5563.02
20220224,000510,5453.18
20220225,000510,5505.80
20220228,000510,5523.09
20220301,000510,5559.84
20220302,000510,5512.81
20220303,000510,5477.91
20220304,000510,5405.51
20220307,000510,5236.45
20220308,000510,5122.25
20220309,000510,5074.85
20220310,000510,5160.58
20220311,000510,5175.83
20220314,000510,5019.80
20220315,000510,4778.88
20220316,000510,4980.24
20220317,000510,5084.80
20220318,000510,5121.25
20220321,000510,5119.37
20220322,000510,5116.69
20220323,000510,5143.95
20220324,000510,5110.49
20220325,000510,5019.00
20220328,000510,4992.30
20220329,000510,4970.51
20220330,000510,5107.48
20220331,000510,5061.53
20220401,000510,5117.28
20220406,000510,5099.74
20220407,000510,5031.06
20220408,000510,5052.46
20220411,000510,4887.54
20220412,000510,4975.75
20220413,000510,4923.65
20220414,000510,4985.50
20220415,000510,4968.77
20220418,000510,4953.20
20220419,000510,4925.82
20220420,000510,4838.80
20220421,000510,4729.12
20220422,000510,4741.82
20220425,000510,4484.45
20220426,000510,4436.91
20220427,000510,4591.57
20220428,000510,4615.85
20220429,000510,4745.73
20220505,000510,4749.48
20220506,000510,4630.76
20220509,000510,4603.14
20220510,000510,4655.10
20220511,000510,4724.33
20220512,000510,4706.89
20220513,000510,4743.89
20220516,000510,4715.22
20220517,000510,4774.90
20220518,000510,4758.58
20220519,000510,4775.09
20220520,000510,4866.11
20220523,000510,4846.71
20220524,000510,4718.35
20220525,000510,4752.59
20220526,000510,4773.40
20220527,000510,4781.58
20220530,000510,4821.24
20220531,000510,4895.10
20220601,000510,4892.27
20220602,000510,4910.26
20220606,000510,5007.95
20220607,000510,5014.86
20220608,000510,5059.96
20220609,000510,4997.56
20220610,000510,5077.12
20220613,000510,5032.02
20220614,000510,5057.46
20220615,000510,5103.63
20220616,000510,5085.32
20220617,000510,5158.75
20220620,000510,5183.93
20220621,000510,5167.81
20220622,000510,5096.67
20220623,000510,5191.96
20220624,000510,5258.23
20220627,000510,5315.96
20220628,000510,5381.16
20220629,000510,5288.53
20220630,000510,5364.32
20220701,000510,5348.78
20220704,000510,5391.50
20220705,000510,5388.13
20220706,000510,5308.38
20220707,000510,5337.58
20220708,000510,5312.67
20220711,000510,5215.34
20220712,000510,5159.01
20220713,000510,5173.34
20220714,000510,5186.02
20220715,000510,5101.80
20220718,000510,5160.73
20220719,000510,5140.25
20220720,000510,5164.83
20220721,000510,5107.79
20220722,000510,5101.26
20220725,000510,5065.65
20220726,000510,5109.57
20220727,000510,5093.77
20220728,000510,5097.12
20220729,000510,5034.18
20220801,000510,5064.40
20220802,000510,4958.26
20220803,000510,4912.54
20220804,000510,4951.83
20220805,000510,5026.27
20220808,000510,5026.75
20220809,000510,5040.32
20220810,000510,4990.32
20220811,000510,5084.10
20220812,000510,5076.57
20220815,000510,5079.98
20220816,000510,5074.68
20220817,000510,5112.80
20220818,000510,5073.07
20220819,000510,5029.82
20220822,000510,5080.28
20220823,000510,5057.93
20220824,000510,4944.17
20220825,000510,4978.94
20220826,000510,4962.93
20220829,000510,4944.53
20220830,000510,4922.82
20220831,000510,4900.10
20220901,000510,4858.92
20220902,000510,4843.38
20220905,000510,4836.13
20220906,000510,4890.41
20220907,000510,4900.86
20220908,000510,4875.09
20220909,000510,4939.15
20220913,000510,4955.98
20220914,000510,4902.15
20220915,000510,4837.22
20220916,000510,4727.19
20220919,000510,4715.27
20220920,000510,4728.67
20220921,000510,4699.39
20220922,000510,4662.82
20220923,000510,4634.59
20220926,000510,4604.36
20220927,000510,4673.07
20220928,000510,4579.78
20220929,000510,4583.42
20220930,000510,4547.41
20221010,000510,4445.62
20221011,000510,4460.14
20221012,000510,4536.16
20221013,000510,4505.74
20221014,000510,4616.75
20221017,000510,4629.34
20221018,000510,4623.59
20221019,000510,4555.65
20221020,000510,4524.66
20221021,000510,4507.88
20221024,000510,4393.90
20221025,000510,4385.73
20221026,000510,4431.15
20221027,000510,4403.55
20221028,000510,4282.57
20221031,000510,4254.26
20221101,000510,4398.88
20221102,000510,4452.05
20221103,000510,4424.78
20221104,000510,4565.41
20221107,000510,4575.78
20221108,000510,4550.81
20221109,000510,4512.03
20221110,000510,4471.70
20221111,000510,4582.53
20221114,000510,4580.57
20221115,000510,4667.11
20221116,000510,4631.86
20221117,000510,4614.68
20221118,000510,4593.21
20221121,000510,4565.35
20221122,000510,4555.25
20221123,000510,4559.08
20221124,000510,4542.31
20221125,000510,4551.89
20221128,000510,4506.96
20221129,000510,4631.24
20221130,000510,4638.82
20221201,000510,4688.25
20221202,000510,4660.69
20221205,000510,4737.68
20221206,000510,4759.91
20221207,000510,4750.20
20221208,000510,4745.62
20221209,000510,4788.88
20221212,000510,4742.43
20221213,000510,4722.22
20221214,000510,4724.62
20221215,000510,4729.55
20221216,000510,4719.39
20221219,000510,4645.73
20221220,000510,4573.33
20221221,000510,4566.63
20221222,000510,4558.78
20221223,000510,4547.99
20221226,000510,4582.58
20221227,000510,4629.31
20221228,000510,4607.09
20221229,000510,4592.26
20221230,000510,4605.18
20230103,000510,4642.81
20230104,000510,4642.45
20230105,000510,4728.51
20230106,000510,4746.14
20230109,000510,4779.08
20230110,000510,4787.71
20230111,000510,4776.91
20230112,000510,4785.03
20230113,000510,4840.45
20230116,000510,4912.45
20230117,000510,4913.72
20230118,000510,4912.39
20230119,000510,4945.76
20230120,000510,4982.74
20230130,000510,5011.25
20230131,000510,4969.58
20230201,000510,5018.30
20230202,000510,5006.98
20230203,000510,4966.35
20230206,000510,4906.49
20230207,000510,4916.94
20230208,000510,4892.09
20230209,000510,4960.12
20230210,000510,4931.58
20230213,000510,4977.02
20230214,000510,4978.38
20230215,000510,4956.92
20230216,000510,4909.83
20230217,000510,4840.36
20230220,000510,4953.71
20230221,000510,4970.09
20230222,000510,4929.67
20230223,000510,4922.76
20230224,000510,4878.25
20230227,000510,4856.07
20230228,000510,4886.28
20230301,000510,4952.18
20230302,000510,4940.32
20230303,000510,4951.67
20230306,000510,4932.75
20230307,000510,4855.38
20230308,000510,4845.87
20230309,000510,4830.83
20230310,000510,4766.49
20230313,000510,4810.08
20230314,000510,4776.44
20230315,000510,4779.42
20230316,000510,4716.27
20230317,000510,4743.62
20230320,000510,4722.61
20230321,000510,4781.26
20230322,000510,4806.47
20230323,000510,4850.07
20230324,000510,4841.55
20230327,000510,4830.88
20230328,000510,4805.37
20230329,000510,4811.51
20230330,000510,4845.72
20230331,000510,4868.38
20230403,000510,4924.86
20230404,000510,4930.73
20230406,000510,4928.78
20230407,000510,4963.72
20230410,000510,4935.50
20230411,000510,4933.52
20230412,000510,4939.48
20230413,000510,4900.55
20230414,000510,4933.36
20230417,000510,4984.76
20230418,000510,4995.86
20230419,000510,4955.11
20230420,000510,4943.70
20230421,000510,4836.78
20230424,000510,4782.88
20230425,000510,4737.78
20230426,000510,4741.32
20230427,000510,4763.83
20230428,000510,4819.14
20230504,000510,4808.14
20230505,000510,4777.25
20230508,000510,4825.64
20230509,000510,4776.09
20230510,000510,4756.12
20230511,000510,4747.68
20230512,000510,4681.51
20230515,000510,4753.98
20230516,000510,4724.90
20230517,000510,4711.70
20230518,000510,4710.22
20230519,000510,4699.29
20230522,000510,4723.37
20230523,000510,4661.30
20230524,000510,4607.17
20230525,000510,4595.79
20230526,000510,4599.61
20230529,000510,4579.03
20230530,000510,4592.77
20230531,000510,4548.86
20230601,000510,4562.89
20230602,000510,4629.38
20230605,000510,4612.11
20230606,000510,4559.01
20230607,000510,4537.26
20230608,000510,4558.22
20230609,000510,4587.19
20230612,000510,4599.42
20230613,000510,4624.15
20230614,000510,4625.96
20230615,000510,4696.73
20230616,000510,4746.53
20230619,000510,4716.63
20230620,000510,4714.91
20230621,000510,4630.25
20230626,000510,4561.29
20230627,000510,4606.02
20230628,000510,4595.32
20230629,000510,4578.56
20230630,000510,4608.50
20230703,000510,4656.92
20230704,000510,4666.45
20230705,000510,4631.48
20230706,000510,4602.78
20230707,000510,4575.24
20230710,000510,4599.23
20230711,000510,4630.23
20230712,000510,4592.52
20230713,000510,4656.57
20230714,000510,4655.08
20230717,000510,4620.03
20230718,000510,4605.96
20230719,000510,4598.64
20230720,000510,4560.56
20230721,000510,4555.17
20230724,000510,4536.15
20230725,000510,4654.94
20230726,000510,4641.92
20230727,000510,4629.15
20230728,000510,4716.89
20230731,000510,4748.80
20230801,000510,4737.65
20230802,000510,4707.98
20230803,000510,4736.30
20230804,000510,4756.87
20230807,000510,4723.63
20230808,000510,4708.65
20230809,000510,4687.99
20230810,000510,4694.57
20230811,000510,4592.60
20230814,000510,4568.65
20230815,000510,4545.51
20230816,000510,4504.92
20230817,000510,4525.90
20230818,000510,4461.03
20230821,000510,4403.24
20230822,000510,4435.35
20230823,000510,4356.41
20230824,000510,4387.00
20230825,000510,4355.35
20230828,000510,4404.90
20230829,000510,4468.55
20230830,000510,4475.71
20230831,000510,4450.74
20230901,000510,4475.65
20230904,000510,4545.56
20230905,000510,4513.36
20230906,000510,4505.96
20230907,000510,4436.19
20230908,000510,4416.74
20230911,000510,4452.49
20230912,000510,4445.43
20230913,000510,4411.32
20230914,000510,4403.42
20230915,000510,4377.13
20230918,000510,4398.78
20230919,000510,4383.56
20230920,000510,4362.47
20230921,000510,4325.59
20230922,000510,4406.91
20230925,000510,4378.57
20230926,000510,4353.02
20230927,000510,4367.35
20230928,000510,4362.85
20231009,000510,4355.80
20231010,000510,4327.52
20231011,000510,4340.32
20231012,000510,4378.92
20231013,000510,4335.21
20231016,000510,4289.10
20231017,000510,4299.81
20231018,000510,4257.60
20231019,000510,4173.82
20231020,000510,4142.97
20231023,000510,4089.34
20231024,000510,4108.20
20231025,000510,4126.73
20231026,000510,4138.42
20231027,000510,4202.45
20231030,000510,4237.01
20231031,000510,4219.44
20231101,000510,4215.81
20231102,000510,4192.18
20231103,000510,4232.31
20231106,000510,4294.11
20231107,000510,4283.80
20231108,000510,4277.98
20231109,000510,4276.23
20231110,000510,4247.06
20231113,000510,4250.08
20231114,000510,4253.30
20231115,000510,4283.70
20231116,000510,4239.67
20231117,000510,4241.08
20231120,000510,4254.29
20231121,000510,4253.42
20231122,000510,4203.63
20231123,000510,4228.80
20231124,000510,4194.91
20231127,000510,4170.41
20231128,000510,4181.67
20231129,000510,4148.03
20231130,000510,4150.27
20231201,000510,4144.43
20231204,000510,4121.32
20231205,000510,4040.31
20231206,000510,4051.59
20231207,000510,4041.10
20231208,000510,4054.91
20231211,000510,4082.77
20231212,000510,4089.46
20231213,000510,4023.50
20231214,000510,4003.95
20231215,000510,3990.26
20231218,000510,3965.11
20231219,000510,3970.67
20231220,000510,3925.36
20231221,000510,3965.90
20231222,000510,3965.49
20231225,000510,3977.71
20231226,000510,3948.56
20231227,000510,3959.05
20231228,000510,4054.18
20231229,000510,4079.40
20240102,000510,4030.38
20240103,000510,4018.73
20240104,000510,3979.08
20240105,000510,3946.39
20240108,000510,3888.80
20240109,000510,3898.32
20240110,000510,3878.46
20240111,000510,3910.39
20240112,000510,3894.86
20240115,000510,3889.00
20240116,000510,3902.64
20240117,000510,3810.06
20240118,000510,3858.23
20240119,000510,3846.48
20240122,000510,3758.49
20240123,000510,3784.04
20240124,000510,3831.15
20240125,000510,3916.82
20240126,000510,3895.91
20240129,000510,3846.10
20240130,000510,3772.67
20240131,000510,3720.82
20240201,000510,3721.23
20240202,000510,3663.77
20240205,000510,3663.41
20240206,000510,3825.41
20240207,000510,3902.19
20240208,000510,3934.25
20240219,000510,3976.73
20240220,000510,3978.07
20240221,000510,4021.93
20240222,000510,4056.43
20240223,000510,4064.84
20240226,000510,4034.64
20240227,000510,4094.55
20240228,000510,4026.96
20240229,000510,4118.96
20240301,000510,4147.92
20240304,000510,4156.22
20240305,000510,4170.82
20240306,000510,4158.08
20240307,000510,4124.08
20240308,000510,4152.90
20240311,000510,4212.50
20240312,000510,4221.12
20240313,000510,4200.65
20240314,000510,4189.25
20240315,000510,4207.05
20240318,000510,4250.22
20240319,000510,4217.70
20240320,000510,4229.90
20240321,000510,4219.38
20240322,000510,4176.06
20240325,000510,4142.67
20240326,000510,4157.11
20240327,000510,4093.02
20240328,000510,4127.86
20240329,000510,4154.54
20240401,000510,4231.91
20240402,000510,4214.18
20240403,000510,4200.94
20240408,000510,4158.94
20240409,000510,4164.40
20240410,000510,4125.57
20240411,000510,4128.58
20240412,000510,4099.50
20240415,000510,4173.03
20240416,000510,4107.54
20240417,000510,4185.72
20240418,000510,4186.64
20240419,000510,4156.64
20240422,000510,4136.70
20240423,000510,4101.91
20240424,000510,4128.71
20240425,000510,4135.89
20240426,000510,4204.26
20240429,000510,4260.22
20240430,000510,4232.69
20240506,000510,4301.89
20240507,000510,4304.15
20240508,000510,4261.39
20240509,000510,4311.92
20240510,000510,4305.79
20240513,000510,4293.77
20240514,000510,4285.80
20240515,000510,4251.00
20240516,000510,4260.77
20240517,000510,4307.94
20240520,000510,4326.88
20240521,000510,4302.33
20240522,000510,4307.33
20240523,000510,4248.86
20240524,000510,4202.59
20240527,000510,4243.43
20240528,000510,4209.60
20240529,000510,4218.60
20240530,000510,4197.96
20240531,000510,4182.71
20240603,000510,4189.86
20240604,000510,4228.10
20240605,000510,4199.37
20240606,000510,4189.64
20240607,000510,4167.53
20240611,000510,4140.49
20240612,000510,4145.07
20240613,000510,4120.63
20240614,000510,4134.26
20240617,000510,4132.53
20240618,000510,4146.00
20240619,000510,4120.39
20240620,000510,4080.57
20240621,000510,4074.68
20240624,000510,4040.09
20240625,000510,4015.32
20240626,000510,4052.84
20240627,000510,4009.55
20240628,000510,4023.33
20240701,000510,4046.46
20240702,000510,4029.67
20240703,000510,4017.39
20240704,000510,3991.19
20240705,000510,3985.52
20240708,000510,3945.64
20240709,000510,3997.40
20240710,000510,3985.72
20240711,000510,4043.58
20240712,000510,4046.25
20240715,000510,4039.64
20240716,000510,4064.56
20240717,000510,4057.22
20240718,000510,4079.29
20240719,000510,4094.49
20240722,000510,4073.01
20240723,000510,3975.66
20240724,000510,3946.05
20240725,000510,3925.35
20240726,000510,3948.59
20240729,000510,3924.42
20240730,000510,3901.81
20240731,000510,3997.47
20240801,000510,3970.35
20240802,000510,3926.47
20240805,000510,3869.26
20240806,000510,3879.57
20240807,000510,3877.82
20240808,000510,3876.53
20240809,000510,3861.37
20240812,000510,3854.76
20240813,000510,3864.83
20240814,000510,3830.21
20240815,000510,3866.78
20240816,000510,3867.01
20240819,000510,3878.35
20240820,000510,3844.69
20240821,000510,3834.75
20240822,000510,3818.68
20240823,000510,3833.19
20240826,000510,3832.70
20240827,000510,3807.54
20240828,000510,3790.86
20240829,000510,3795.78
20240923,000510,3725.78
20240924,000510,3885.17
20240925,000510,3937.37
20240926,000510,4103.82
20240927,000510,4298.56
20240930,000510,4684.89
20241008,000510,4981.30
20241009,000510,4630.94
20241010,000510,4661.03
20241011,000510,4516.47
20241014,000510,4609.55
20241015,000510,4495.57
20241016,000510,4464.92
20241017,000510,4418.55
20241018,000510,4581.32
20241021,000510,4614.35
20241022,000510,4644.92
20241023,000510,4664.25
20241024,000510,4610.74
20241025,000510,4655.91
